<?xml version="1.0" encoding="UTF-8" standalone="yes"?>
<addon id="repository.module" name="module Repository" version="1.0.0" provider-name="module-Team">
    <extension point="xbmc.addon.repository" name="module Repository">
        <info compressed="false">https://raw.github.com/kasi45/RepoModule/master/addons.xml</info>
        <checksum>https://raw.github.com/kasi45/RepoModule/master/addons.xml.md5</checksum>
        <datadir zip="true">https://raw.github.com/kasi45/RepoModule/master</datadir>
    </extension>
    <extension point="xbmc.addon.metadata">
        <summary lang="de">Script Module für Kodi</summary>
        <platform>all</platform>
    </extension>
</addon>
