<?xml version="1.0" encoding="UTF-8" standalone="yes"?>
<addon id="script.module.pyopenssl" 
     name="pyopenssl" 
     version="19.0.0" 
     provider-name="pyOpenSSL">
  <requires>
    <import addon="xbmc.python" version="2.25.0" />
  </requires>
  <extension point="xbmc.python.module" library="lib" />
  <extension point="xbmc.addon.metadata">
    <summary>Python wrapper module around the OpenSSL library</summary>
    <description></description>
    <disclaimer></disclaimer>
    <language></language>
    <platform>all</platform>
    <license>Apache License, Version 2.0.</license>
    <forum></forum>
    <website>https://pyopenssl.org/</website>
    <email></email>
    <source></source>
    <assets>
      <icon>resources/icon.png</icon>
    </assets>
  </extension>
</addon>
